Steven Sims;BAL
* Altered Steven Sims;BAL
Brycen Tremayne;WAS
Jalen Virgil;BUF
Tyler Scott;CHI
Robbie Chosen;MIA
Collin Johnson;CHI
John Ross;PHI
Kendric Pryor;CIN
Brandon Johnson;PIT
Irvin Charles;NYJ
Javon Baker;NE
Anthony Miller;BAL
Isaiah Williams;CIN
* Altered Isaiah Williams;CIN
Grant DuBose;MIA
Isaiah Hodgins;NYG
Malachi Corley;NYJ
Charlie Jones;CIN
Bryce Ford-Wheaton;NYG
* Doppelganger Bryce Ford-Wheaton;NYG
Ihmir Smith-Marsette;NYG
Dee Eskridge;MIA
Devontez Walker;BAL
Britain Covey;PHI
Scotty Miller;PIT
River Cracraft;MIA
* Clone River Cracraft;MIA
Ben Skowronek;PIT
* Clone Ben Skowronek;PIT
Tyrell Shavers;BUF
Brandon Powell;MIN
Jalin Hyatt;NYG
DeAndre Carter;CHI
Xavier Gipson;NYJ
Odell Beckham;MIA
Jermaine Burton;CIN
Johnny Wilson;PHI
Parris Campbell;PHI
Ainias Smith;PHI
Ryan Flournoy;DAL
K.J. Osborn;WAS
* Clone K.J. Osborn;WAS
Trent Sherfield;MIN
Bo Melton;GB
Jamison Crowder;WAS
Malik Heath;GB
Jonathan Mingo;DAL
Ja'Lynn Polk;NE
* Clone Ja'Lynn Polk;NE
Luke McCaffrey;WAS
Jalen Brooks;DAL
* Altered Jalen Brooks;DAL
Tylan Wallace;BAL
* Doppelganger Tylan Wallace;BAL
Jahan Dotson;PHI
Nelson Agholor;BAL
* Altered Nelson Agholor;BAL
Malik Washington;MIA
Mike Williams;PIT
Van Jefferson;PIT
Curtis Samuel;BUF
Kendrick Bourne;NE
* Altered Kendrick Bourne;NE
Dyami Brown;WAS
Brandin Cooks;DAL
Noah Brown;WAS
Mack Hollins;BUF
Jalen Nailor;MIN
KaVontae Turpin;DAL
* Clone KaVontae Turpin;DAL
Christian Watson;GB
Darius Slayton;NYG
Dontayvion Wicks;GB
Keon Coleman;BUF
Olamide Zaccheaus;WAS
* Clone Olamide Zaccheaus;WAS
Calvin Austin;PIT
Andrei Iosivas;CIN
Kayshon Boutte;NE
Amari Cooper;BUF
* Altered Amari Cooper;BUF
Allen Lazard;NYJ
Romeo Doubs;GB
Rome Odunze;CHI
DeMario Douglas;NE
Jaylen Waddle;MIA
* Altered Jaylen Waddle;MIA
Jalen Tolbert;DAL
George Pickens;PIT
Rashod Bateman;BAL
Khalil Shakir;BUF
Wan'Dale Robinson;NYG
* Doppelganger Wan'Dale Robinson;NYG
Keenan Allen;CHI
Jayden Reed;GB
DeVonta Smith;PHI
Zay Flowers;BAL
Jordan Addison;MIN
A.J. Brown;PHI
Tyreek Hill;MIA
Tee Higgins;CIN
* Doppelganger Tee Higgins;CIN
DJ Moore;CHI
Davante Adams;NYJ
* Clone Davante Adams;NYJ
Garrett Wilson;NYJ
CeeDee Lamb;DAL
Terry McLaurin;WAS
Malik Nabers;NYG
Justin Jefferson;MIN
Ja'Marr Chase;CIN
