T.J. Hockenson;MIN
Cole Kmet;CHI
* Hot Cole Kmet;CHI
Jake Ferguson;DAL
Dalton Kincaid;BUF
Dallas Goedert;PHI
Mark Andrews;BAL
Logan Thomas;WAS
Tyler Conklin;NYJ
* Bargain Bin Tyler Conklin;NYJ
Hunter Henry;NE
Darren Waller;NYG
Isaiah Likely;BAL
Tanner Hudson;CIN
Tucker Kraft;GB
Pat Freiermuth;PIT
Luke Musgrave;GB
Durham Smythe;MIA
Mike Gesicki;NE
Dawson Knox;BUF
Josh Oliver;MIN
* Full-Art Josh Oliver;MIN
Daniel Bellinger;NYG
Drew Sample;CIN
Connor Heyward;PIT
Johnny Mundt;MIN
Pharaoh Brown;NE
John Bates;WAS
* Hawk Tuah John Bates;WAS
Irv Smith;CIN
Jeremy Ruckert;NYJ
Ben Mason;BAL
Luke Schoonmaker;DAL
Cole Turner;WAS
* Good-Ending Cole Turner;WAS
Robert Tonyan;CHI
* Altered Robert Tonyan;CHI
Charlie Kolar;BAL
C.J. Uzomah;NYJ
Mitchell Wilcox;CIN
* Creepypasta Mitchell Wilcox;CIN
Josiah Deguara;GB
Lawrence Cager;NYG
Darnell Washington;PIT
Marcedes Lewis;CHI
* Twisted Marcedes Lewis;CHI
Ben Sims;GB
Quintin Morris;BUF
Peyton Hendershot;DAL
Jack Stoll;PHI
Julian Hill;MIA
* Skinwalker Julian Hill;MIA
Grant Calcaterra;PHI
Kenny Yeboah;NYJ
Nick Muse;MIN
Jackson Hawes;BUF
Jack Westover;NE
JJ Galbreath;PIT
Joshua Perkins;NYJ
Drake Dabney;GB
Colson Yankoff;WAS
Temarrick Hemingway;WAS
Mason Taylor;NYJ
* Skinwalker Mason Taylor;NYJ
Eric Ebron;PIT
* Clone Eric Ebron;PIT
Levine Toilolo;NYG
Messiah Swinson;GB
* Twisted Messiah Swinson;GB
CJ Dippre;NE
Ben Yurosek;MIN
Cam Grandy;CIN
Franko House;CHI
Brevyn Spann-Ford;DAL
Marshall Lang;NE
* Creepypasta Marshall Lang;NE
Thomas Fidone;NYG
McCallan Castles;GB
Jaheim Bell;PHI
Keleki Latu;BUF
* Twisted Keleki Latu;BUF
Ben Sinnott;WAS
* Uncanny Ben Sinnott;WAS
Kalif Jackson;MIA
Theo Johnson;NYG
* Corrupted Theo Johnson;NYG
Gavin Bartholomew;MIN
* Sigma Gavin Bartholomew;MIN
Bryson Nesbit;MIN
Bronson Kaufusi;GB
Thomas Gordon;CHI
Erick All;CIN
Barrett Burns;BAL
Isaac Nauta;GB
* Phantom Isaac Nauta;GB
Matt LaCosse;NE
* Alternate Matt LaCosse;NE
Jalin Conyers;MIA
* Bargain Bin Jalin Conyers;MIA
Colston Loveland;CHI
Dax Raymond;PIT
Zack Kuntz;NYJ
* Twisted Zack Kuntz;NYJ
Tanner Conner;MIA
Rodney Williams;PIT
Armani Rogers;WAS
Austin Allen;GB
Curtis Hodges;WAS
* Altered Curtis Hodges;WAS
Zach Davidson;BUF
* Alternate Zach Davidson;BUF
Tre' McKitty;BUF
Noah Togiai;PHI
Nick Bowers;MIA
Tyler Davis;GB
* Hot Tyler Davis;GB
Sean McKeon;DAL
Albert Okwuegbunam;PHI
Jared Pinkney;CHI
* Hawk Tuah Jared Pinkney;CHI
Chris Myarick;NYG
Stephen Carlson;CHI
Brandon Dillon;WAS
* Narco-Terrorist Brandon Dillon;WAS
Matt Sokol;NE
Kaden Smith;WAS
* Hawk Tuah Kaden Smith;WAS
Tommy Sweeney;NYG
Tyree Jackson;NYG
* Withered Tyree Jackson;NYG
N'Keal Harry;MIN
* Altered N'Keal Harry;MIN
Troy Fumagalli;MIN
Tyler Kroft;MIA
* Good-Ending Tyler Kroft;MIA
La'Michael Pettway;NE
* Uncanny La'Michael Pettway;NE
John Stephens;DAL
* Full-Art John Stephens;DAL
Princeton Fant;DAL
Ryan Jones;NYG
* Tainted Ryan Jones;NYG
Noah Gindorff;PIT
* Glitched Noah Gindorff;PIT
Griffin Hebert;PHI
Joel Wilson;GB
* Tainted Joel Wilson;GB
