Travis Homer;CHI
Kendall Milton;CIN
* Evil Kendall Milton;CIN
Craig Reynolds;NE
* Clone Craig Reynolds;NE
Roschon Johnson;CHI
Patrick Ricard;BAL
* Toy Patrick Ricard;BAL
D'Ernest Johnson;NE
* Bargain Bin D'Ernest Johnson;NE
Reggie Gilliam;BUF
Tahj Brooks;CIN
* Tainted Tahj Brooks;CIN
Khalil Herbert;NYJ
Ty Chandler;MIN
* Clone Ty Chandler;MIN
Kaleb Johnson;PIT
* Lil' Kaleb Johnson;PIT
AJ Dillon;PHI
Brittain Brown;CHI
* Creepypasta Brittain Brown;CHI
Kene Nwangwu;NYJ
* Glitched Kene Nwangwu;NYJ
Phil Mafah;DAL
Austin Ekeler;WAS
* Good-Ending Austin Ekeler;WAS
Alec Ingold;MIA
* Toy Alec Ingold;MIA
Terrell Jennings;NE
* Skinwalker Terrell Jennings;NE
Braelon Allen;NYJ
C.J. Ham;MIN
* Toy C.J. Ham;MIN
Will Shipley;PHI
* Lil' Will Shipley;PHI
Jaydon Blue;DAL
* Toy Jaydon Blue;DAL
Andrew Beck;NYJ
* Bootleg Andrew Beck;NYJ
Antonio Gibson;NE
Rasheen Ali;BAL
* Doppelganger Rasheen Ali;BAL
Miles Sanders;DAL
* True-Ending Miles Sanders;DAL
Chris Brooks;GB
* Phantom Chris Brooks;GB
Hunter Luepke;DAL
Zavier Scott;MIN
Malik Davis;DAL
* Glitched Malik Davis;DAL
* Ultra-Rare Malik Davis;DAL
Jaylen Wright;MIA
* Tainted Jaylen Wright;MIA
Tank Bigsby;PHI
* Clone Tank Bigsby;PHI
Ollie Gordon;MIA
* Corrupted Ollie Gordon;MIA
Keaton Mitchell;BAL
* Long Keaton Mitchell;BAL
Ray Davis;BUF
Justice Hill;BAL
Isaiah Davis;NYJ
* Corrupted Isaiah Davis;NYJ
Jeremy McNichols;WAS
Samaje Perine;CIN
* Skinwalker Samaje Perine;CIN
Chris Rodriguez;WAS
* Full-Art Chris Rodriguez;WAS
Emanuel Wilson;GB
* Funtime Emanuel Wilson;GB
Ty Johnson;BUF
* Skinwalker Ty Johnson;BUF
Devin Singletary;NYG
Aaron Jones;MIN
* Glitched Aaron Jones;MIN
Cam Skattebo;NYG
* Corrupted Cam Skattebo;NYG
Jordan Mason;MIN
* Uncanny Jordan Mason;MIN
Jacory Croskey-Merritt;WAS
Kyle Monangai;CHI
Tyrone Tracy;NYG
Rhamondre Stevenson;NE
* Long Rhamondre Stevenson;NE
TreVeyon Henderson;NE
* Lil' TreVeyon Henderson;NE
Breece Hall;NYJ
Jaylen Warren;PIT
Kenneth Gainwell;PIT
* Bad-Ending Kenneth Gainwell;PIT
D'Andre Swift;CHI
* Good-Ending D'Andre Swift;CHI
Saquon Barkley;PHI
* Phantom Saquon Barkley;PHI
Josh Jacobs;GB
* Full-Art Josh Jacobs;GB
Javonte Williams;DAL
* Clone Javonte Williams;DAL
Derrick Henry;BAL
* Doppelganger Derrick Henry;BAL
Chase Brown;CIN
* True-Ending Chase Brown;CIN
James Cook;BUF
* Good-Ending James Cook;BUF
De'Von Achane;MIA
* Long De'Von Achane;MIA
